Timestamp,Name,I enjoyed doing this activity very much.,I put a lot of effort into this activity.,This was an activity that I could not do very well.,Doing this activity is useful for learning about software vulnerabilities and security standards for web systems.,I was anxious while working on this activity.,I would describe this activity as very interesting.,"I think I did pretty well at this activity, compared to other students.",I believe this is an important activity.,I did not try very hard to do well at this activity.,This activity did not hold my attention at all.,I was pretty skilled at this activity.,I believe doing this activity was beneficial to me.,I felt very tense while doing this activity.,I thought this activity was quite enjoyable.,Doing this activity helped me learn about software vulnerabilities and security standards for web systems.,I am satisfied with my performance at this activity.,I would be willing to do this activity again because it has value/usefulness to me.,I was very relaxed while doing this activity.,This activity was fun to do.,I believe this activity could have some value/usefulness for me.,It was important to me to do well at this activity.,"After working at this activity for a while, I felt pretty competent.","While doing this activity, I was thinking about how much I enjoyed it.",I did not feel nervous at all while doing this activity.,I think this activity is important because it can support teaching and learning about software vulnerabilities and security standards for web systems.,I did not put much energy into doing this activity.,I felt pressured while doing this activity.,I think I am pretty good at this activity.,I worked very hard while doing this activity.,I thought this activity was boring.
2025-02-25 17:29:32.638,P31,6,6,2,7,4,6,6,6,2,2,6,6,4,5,6,6,6,6,6,6,5,6,6,4,6,2,5,6,6,1
2025-02-25 17:33:11.599,P4,7,7,6,7,3,6,6,7,7,5,6,7,2,6,6,7,5,6,6,6,6,7,6,3,6,2,2,7,6,1
2025-02-25 17:34:19.984,P8,7,7,3,7,1,7,7,7,1,1,7,7,1,7,7,7,7,7,7,7,7,7,7,1,7,1,1,7,7,1
2025-02-25 17:35:41.922,P23,5,7,5,3,1,6,5,5,1,1,7,6,1,6,4,6,3,7,7,6,7,4,3,6,5,1,1,5,7,1
2025-02-25 17:35:48.186,P29,6,6,1,6,1,5,5,7,4,2,7,5,1,7,7,7,5,7,7,4,1,5,3,1,3,5,1,5,1,1
2025-02-25 17:37:43.093,P32,6,7,1,3,1,4,5,4,1,1,7,4,1,4,3,6,3,7,5,4,6,6,4,7,4,1,1,7,7,4
2025-02-25 17:38:45.879,P18,7,7,1,6,5,7,6,7,7,1,7,7,2,7,7,7,7,7,7,7,7,7,7,2,7,7,7,7,7,1
2025-02-25 17:40:14.777,P3,7,5,3,4,3,6,2,4,5,1,3,5,2,6,5,5,6,6,7,5,3,6,4,6,5,3,1,2,5,1
2025-02-25 17:40:15.507,P11,7,5,1,6,4,7,7,7,1,1,7,7,5,7,7,7,7,5,7,7,7,7,7,1,7,1,1,7,7,1
2025-02-25 17:40:28.149,P5,7,7,2,7,3,7,5,7,1,1,5,7,2,7,7,6,7,5,7,6,6,6,7,6,7,2,2,4,6,1
2025-02-25 17:42:16.731,P33,7,6,2,5,5,7,5,6,1,1,5,6,3,7,6,7,7,6,7,6,6,6,5,4,6,1,2,5,6,1
2025-02-25 17:44:08.031,P7,6,6,3,6,2,6,6,6,6,1,5,6,1,6,6,6,6,5,6,6,5,6,5,6,6,1,1,5,6,1
2025-02-25 17:44:15.039,P13,5,5,3,4,2,5,5,4,2,2,5,4,3,5,3,5,3,5,4,3,3,3,3,6,5,5,2,3,2,2
2025-02-25 17:46:12.361,P16,7,7,1,7,4,7,6,7,1,1,7,7,4,7,7,7,7,5,7,7,5,7,7,4,6,2,5,6,7,1
2025-02-25 17:46:12.529,P40,7,7,2,7,7,7,7,7,1,1,7,7,4,7,7,7,7,6,7,7,7,7,7,1,7,1,2,7,7,1
2025-02-25 17:50:56.545,P41,7,7,2,7,1,7,4,7,1,1,7,7,1,7,5,7,7,7,7,7,5,7,7,7,7,1,1,7,7,1
